"id","classe","sous_classe","symbo","maxzoom","minzoom","n0","n10","n25","n50","n99"
1,"ROUTIER","Routier_route, Routier_route_sou, Routier_route_sup","Sens direct","19","17","True","False","False","False","False"
2,"ROUTIER","Routier_route, Routier_route_sou, Routier_route_sup","Sens inverse","19","17","True","False","False","False","False"
3,"ROUTIER","Routier_route","AUTOROU_LIBRE","19","4","True","True","True","True","False"
4,"ROUTIER","Routier_route","AUTOROU_PEAGE","19","4","True","True","True","True","True"
5,"ROUTIER","Routier_route","PRINCIPALE_1","19","4","True","True","True","True","False"
6,"ROUTIER","Routier_route","PRINCIPALE_2","19","4","True","True","True","True","False"
7,"ROUTIER","Routier_route","PRINCIPALE_3","19","4","True","True","True","True","False"
8,"ROUTIER","Routier_route","PRINCIPALE_4","19","4","True","True","False","True","True"
9,"ROUTIER","Routier_route","BRET_PRINCIPALE","19","4","False","True","False","False","False"
10,"ROUTIER","Routier_route","REGIONALE_1","19","4","True","True","True","True","False"
11,"ROUTIER","Routier_route","REGIONALE_2","19","4","True","True","True","True","False"
12,"ROUTIER","Routier_route","REGIONALE_3","19","4","True","True","True","True","False"
13,"ROUTIER","Routier_route","REGIONALE_4","19","4","True","True","False","True","True"
14,"ROUTIER","Routier_route","BRET_REGIONALE","19","4","False","True","False","False","False"
15,"ROUTIER","Routier_route","LOCALE_1","19","4","True","True","True","True","False"
16,"ROUTIER","Routier_route","LOCALE_2","19","4","True","True","True","True","False"
17,"ROUTIER","Routier_route","LOCALE_3","19","4","True","True","True","True","False"
18,"ROUTIER","Routier_route","LOCALE_4","19","4","True","True","False","True","True"
19,"ROUTIER","Routier_route","BRET_LOCALE","19","4","False","True","False","False","False"
20,"ROUTIER","Routier_route","NON_CLASSEE","19","14","True","False","False","False","False"
21,"ROUTIER","Routier_route","NON_CLASSEE_4","19","14","True","False","False","False","False"
22,"ROUTIER","Routier_route","NON_CLASSEE_RESTREINT","19","14","True","False","False","False","False"
23,"ROUTIER","Routier_route","NON_REVETUE_CARRO","19","12","True","True","True","False","False"
24,"ROUTIER","Routier_route","NON_REVETUE_CARRO_RESTREINT","19","12","True","False","False","False","False"
25,"ROUTIER","Routier_route","BRET_AUTO_LIBRE_1","19","13","True","True","False","False","False"
26,"ROUTIER","Routier_route","BRET_AUTO_LIBRE_2","19","13","True","False","False","False","False"
27,"ROUTIER","Routier_route","BRET_AUTO_LIBRE_3","19","13","True","False","False","False","False"
28,"ROUTIER","Routier_route","BRET_AUTO_PEAGE_1","19","13","True","True","False","False","False"
29,"ROUTIER","Routier_route","BRET_AUTO_PEAGE_2","19","13","True","False","False","False","False"
30,"ROUTIER","Routier_route","BRET_AUTO_PEAGE_3","19","13","True","False","False","False","False"
31,"ROUTIER","Routier_route","AUTOROU_CONSTR","19","9","True","True","True","True","False"
32,"ROUTIER","Routier_route","PRINCIPALE_CONSTR","19","11","True","True","True","True","False"
33,"ROUTIER","Routier_route","REGIONALE_CONSTR","19","11","True","True","True","True","False"
34,"ROUTIER","Routier_route","LOCALE_CONSTR","19","12","True","True","True","True","False"
35,"ROUTIER","Routier_chemin","CHEMIN","19","13","True","True","True","False","False"
36,"ROUTIER","Routier_chemin","PISTE_CYCLABLE","19","14","True","True","False","False","False"
37,"ROUTIER","Routier_chemin","SENTIER","19","14","True","False","False","False","False"
38,"ROUTIER","Routier_chemin","RUE_PIETONNE","19","15","True","False","False","False","False"
39,"ROUTIER","Routier_chemin","ESCALIER","19","15","True","False","False","False","False"
40,"ROUTIER","Routier_route_sou","AUTOROU_LIBRE_SOU","19","8","True","True","True","True","False"
41,"ROUTIER","Routier_route_sou","AUTOROU_PEAGE_SOU","19","8","True","True","True","True","False"
42,"ROUTIER","Routier_route_sou","PRINCIPALE_1_SOU","19","8","True","True","True","True","False"
43,"ROUTIER","Routier_route_sou","PRINCIPALE_2_SOU","19","8","True","True","True","True","False"
44,"ROUTIER","Routier_route_sou","PRINCIPALE_3_SOU","19","8","True","True","True","True","False"
45,"ROUTIER","Routier_route_sou","PRINCIPALE_4_SOU","19","8","True","True","False","True","False"
46,"ROUTIER","Routier_route_sou","BRET_PRINCIPALE_SOU","19","8","False","True","False","False","False"
47,"ROUTIER","Routier_route_sou","REGIONALE_1_SOU","19","11","True","True","True","False","False"
48,"ROUTIER","Routier_route_sou","REGIONALE_2_SOU","19","11","True","True","True","False","False"
49,"ROUTIER","Routier_route_sou","REGIONALE_3_SOU","19","11","True","False","True","False","False"
50,"ROUTIER","Routier_route_sou","REGIONALE_4_SOU","19","11","True","True","False","False","False"
51,"ROUTIER","Routier_route_sou","BRET_REGIONALE_SOU","19","11","False","True","False","False","False"
55,"ROUTIER","Routier_route_sou","NON_CLASSEE_SOU","19","14","True","False","False","False","False"
56,"ROUTIER","Routier_route_sou","NON_CLASSEE_4_SOU","19","14","True","False","False","False","False"
57,"ROUTIER","Routier_route_sou","NON_CLASSEE_RESTREINT_SOU","19","14","True","False","False","False","False"
58,"ROUTIER","Routier_route_sou","NON_REVETUE_CARRO_SOU","19","12","True","True","True","False","False"
59,"ROUTIER","Routier_route_sou","NON_REVETUE_CARRO_RESTREINT_SOU","19","12","True","False","False","False","False"
60,"ROUTIER","Routier_route_sou","BRET_AUTO_LIBRE_1_SOU","19","13","True","True","False","False","False"
61,"ROUTIER","Routier_route_sou","BRET_AUTO_LIBRE_2_SOU","19","13","True","False","False","False","False"
62,"ROUTIER","Routier_route_sou","BRET_AUTO_LIBRE_3_SOU","19","13","True","False","False","False","False"
63,"ROUTIER","Routier_route_sou","BRET_AUTO_PEAGE_1_SOU","19","13","True","True","False","False","False"
64,"ROUTIER","Routier_route_sou","BRET_AUTO_PEAGE_2_SOU","19","13","True","False","False","False","False"
65,"ROUTIER","Routier_route_sou","BRET_AUTO_PEAGE_3_SOU","19","13","True","False","False","False","False"
66,"ROUTIER","Routier_route_sou","AUTOROU_CONSTR_SOU","19","11","True","True","True","False","False"
67,"ROUTIER","Routier_route_sou","PRINCIPALE_CONSTR_SOU","19","11","True","True","True","False","False"
68,"ROUTIER","Routier_route_sou","REGIONALE_CONSTR_SOU","19","11","True","True","True","False","False"
69,"ROUTIER","Routier_route_sou","LOCALE_CONSTR_SOU","19","12","True","True","True","False","False"
70,"ROUTIER","Routier_route_sup","AUTOROU_LIBRE_SUP","19","8","True","True","True","True","False"
71,"ROUTIER","Routier_route_sup","AUTOROU_PEAGE_SUP","19","8","True","True","True","True","False"
72,"ROUTIER","Routier_route_sup","PRINCIPALE_1_SUP","19","8","True","True","True","True","False"
73,"ROUTIER","Routier_route_sup","PRINCIPALE_2_SUP","19","8","True","True","True","True","False"
74,"ROUTIER","Routier_route_sup","PRINCIPALE_3_SUP","19","8","True","True","True","True","False"
75,"ROUTIER","Routier_route_sup","PRINCIPALE_4_SUP","19","8","True","True","False","True","False"
76,"ROUTIER","Routier_route_sup","BRET_PRINCIPALE_SUP","19","8","False","True","False","False","False"
77,"ROUTIER","Routier_route_sup","REGIONALE_1_SUP","19","9","True","True","True","True","False"
78,"ROUTIER","Routier_route_sup","REGIONALE_2_SUP","19","9","True","True","True","True","False"
79,"ROUTIER","Routier_route_sup","REGIONALE_3_SUP","19","9","True","True","True","False","False"
80,"ROUTIER","Routier_route_sup","REGIONALE_4_SUP","19","9","True","True","False","False","False"
81,"ROUTIER","Routier_route_sup","BRET_REGIONALE_SUP","19","9","False","True","False","False","False"
85,"ROUTIER","Routier_route_sup","NON_CLASSEE_SUP","19","14","True","False","False","False","False"
86,"ROUTIER","Routier_route_sup","NON_CLASSEE_4_SUP","19","14","True","False","False","False","False"
87,"ROUTIER","Routier_route_sup","NON_CLASSEE_RESTREINT_SUP","19","14","True","False","False","False","False"
88,"ROUTIER","Routier_route_sup","NON_REVETUE_CARRO_SUP","19","12","True","True","True","False","False"
89,"ROUTIER","Routier_route_sup","NON_REVETUE_CARRO_RESTREINT_SUP","19","12","True","False","False","False","False"
90,"ROUTIER","Routier_route_sup","BRET_AUTO_LIBRE_1_SUP","19","13","True","True","False","False","False"
91,"ROUTIER","Routier_route_sup","BRET_AUTO_LIBRE_2_SUP","19","13","True","False","False","False","False"
92,"ROUTIER","Routier_route_sup","BRET_AUTO_LIBRE_3_SUP","19","13","True","False","False","False","False"
93,"ROUTIER","Routier_route_sup","BRET_AUTO_PEAGE_1_SUP","19","13","True","True","False","False","False"
94,"ROUTIER","Routier_route_sup","BRET_AUTO_PEAGE_2_SUP","19","13","True","False","False","False","False"
95,"ROUTIER","Routier_route_sup","BRET_AUTO_PEAGE_3_SUP","19","13","True","False","False","False","False"
96,"ROUTIER","Routier_route_sup","AUTOROU_CONSTR_SUP","19","11","True","True","True","False","False"
97,"ROUTIER","Routier_route_sup","PRINCIPALE_CONSTR_SUP","19","11","True","True","True","False","False"
98,"ROUTIER","Routier_route_sup","REGIONALE_CONSTR_SUP","19","11","True","True","True","False","False"
99,"ROUTIER","Routier_route_sup","LOCALE_CONSTR_SUP","19","12","True","True","True","False","False"
100,"ROUTIER","Routier_chemin_sou","CHEMIN_SOU","19","13","True","True","True","False","False"
101,"ROUTIER","Routier_chemin_sou","PISTE_CYCLABLE_SOU","19","14","True","True","False","False","False"
102,"ROUTIER","Routier_chemin_sou","SENTIER_SOU","19","14","True","False","False","False","False"
103,"ROUTIER","Routier_chemin_sou","RUE_PIETONNE_SOU","19","15","True","False","False","False","False"
104,"ROUTIER","Routier_chemin_sou","ESCALIER_SOU","19","15","True","False","False","False","False"
105,"ROUTIER","Routier_chemin_sup","CHEMIN_SUP","19","13","True","True","True","False","False"
106,"ROUTIER","Routier_chemin_sup","PISTE_CYCLABLE_SUP","19","14","True","True","False","False","False"
107,"ROUTIER","Routier_chemin_sup","SENTIER_SUP","19","14","True","False","False","False","False"
108,"ROUTIER","Routier_chemin_sup","RUE_PIETONNE_SUP","19","15","True","False","False","False","False"
109,"ROUTIER","Routier_chemin_sup","ESCALIER_SUP","19","15","True","False","False","False","False"
110,"ROUTIER","Routier_liaison","BAC","19","9","False","False","False","True","False"
111,"ROUTIER","Routier_liaison","LIAISON_MARITIME","19","9","True","True","True","True","False"
112,"ROUTIER","Routier_liaison","BAC_AUTO","19","9","True","False","True","False","False"
113,"ROUTIER","Routier_liaison","GUE_CHEMIN","19","14","True","False","False","False","False"
114,"ROUTIER","Routier_liaison","GUE_ROUTE","19","14","True","False","False","False","False"
115,"ROUTIER","Routier_liaison","PONT_PASSERELLE","19","14","True","False","False","False","False"
116,"ROUTIER","Routier_liaison","PONT_LIN","19","14","True","False","False","False","False"
117,"ROUTIER","Routier_liaison","PONT_MOBILE_LIN","19","14","True","False","False","False","False"
118,"ROUTIER","Routier_ponc","BARRIERE","19","13","True","True","False","False","False"
119,"ROUTIER","Routier_ponc","PEAGE_PONC","14","9","False","True","True","True","False"
120,"ROUTIER","Routier_ponc","PASSAGE_A_NIVEAU","19","15","True","False","False","False","False"
121,"ROUTIER","Routier_surf","DALLE_DE_PROTECTION","19","14","True","False","False","False","False"
122,"ROUTIER","Routier_surf","ESCALIER_SURF","19","14","True","False","False","False","False"
123,"ROUTIER","Routier_surf","SURF_PEAGE","19","14","True","False","False","False","False"
124,"FERRE","Ferre","FUNI_CREMAILLERE","19","14","True","False","False","False","False"
125,"FERRE","Ferre","TRANSPORT_URBAIN","19","14","True","False","False","False","False"
126,"FERRE","Ferre","VF_1","19","11","True","True","True","True","False"
127,"FERRE","Ferre","VF_2","19","11","True","True","True","False","False"
128,"FERRE","Ferre","VF_3","19","11","True","False","False","False","False"
129,"FERRE","Ferre","VF_4","19","11","True","False","False","False","False"
130,"FERRE","Ferre","VF_ELEC_1","19","11","True","False","False","False","False"
131,"FERRE","Ferre","VF_ELEC_2","19","11","True","False","False","False","False"
132,"FERRE","Ferre","VF_ELEC_3","19","11","True","False","False","False","False"
133,"FERRE","Ferre","VF_ELEC_4","19","11","True","False","False","False","False"
134,"FERRE","Ferre","VF_EN_CONSTR","19","11","True","True","True","False","False"
135,"FERRE","Ferre","VF_ETROITE","19","11","False","True","False","False","False"
136,"FERRE","Ferre","VF_ETROITE_1","19","11","True","False","False","False","False"
137,"FERRE","Ferre","VF_ETROITE_2","19","11","True","False","False","False","False"
138,"FERRE","Ferre","VF_NON_EXPLOITEE","19","15","True","True","False","False","False"
139,"FERRE","Ferre","VF_SERVICE","19","15","True","True","False","False","False"
140,"FERRE","Ferre_sou","FUNI_CREMAILLERE_SOU","19","14","True","False","False","False","False"
141,"FERRE","Ferre_sou","TRANSPORT_URBAIN_SOU","19","14","True","False","False","False","False"
142,"FERRE","Ferre_sou","VF_1_SOU","19","11","True","True","True","False","False"
143,"FERRE","Ferre_sou","VF_2_SOU","19","11","True","True","True","False","False"
144,"FERRE","Ferre_sou","VF_3_SOU","19","11","True","False","False","False","False"
145,"FERRE","Ferre_sou","VF_4_SOU","19","11","True","False","False","False","False"
146,"FERRE","Ferre_sou","VF_ELEC_1_SOU","19","11","True","False","False","False","False"
147,"FERRE","Ferre_sou","VF_ELEC_2_SOU","19","11","True","False","False","False","False"
148,"FERRE","Ferre_sou","VF_ELEC_3_SOU","19","11","True","False","False","False","False"
149,"FERRE","Ferre_sou","VF_ELEC_4_SOU","19","11","True","False","False","False","False"
150,"FERRE","Ferre_sou","VF_FERRO_ROUTIER_SOU","19","11","False","False","True","False","False"
151,"FERRE","Ferre_sou","VF_ETROITE_SOU","19","11","False","True","False","False","False"
152,"FERRE","Ferre_sou","VF_ETROITE_1_SOU","19","11","True","False","False","False","False"
153,"FERRE","Ferre_sou","VF_ETROITE_2_SOU","19","11","True","False","False","False","False"
154,"FERRE","Ferre_sou","VF_NON_EXPLOITEE_SOU","19","15","True","True","False","False","False"
155,"FERRE","Ferre_sou","VF_SERVICE_SOU","19","15","True","True","False","False","False"
156,"FERRE","Ferre_sup","FUNI_CREMAILLERE_SUP","19","14","True","False","False","False","False"
157,"FERRE","Ferre_sup","TRANSPORT_URBAIN_SUP","19","14","True","False","False","False","False"
158,"FERRE","Ferre_sup","VF_1_SUP","19","11","True","True","True","False","False"
159,"FERRE","Ferre_sup","VF_2_SUP","19","11","True","True","True","False","False"
160,"FERRE","Ferre_sup","VF_3_SUP","19","11","True","False","False","False","False"
161,"FERRE","Ferre_sup","VF_4_SUP","19","11","True","False","False","False","False"
162,"FERRE","Ferre_sup","VF_ELEC_1_SUP","19","11","True","False","False","False","False"
163,"FERRE","Ferre_sup","VF_ELEC_2_SUP","19","11","True","False","False","False","False"
164,"FERRE","Ferre_sup","VF_ELEC_3_SUP","19","11","True","False","False","False","False"
165,"FERRE","Ferre_sup","VF_ELEC_4_SUP","19","11","True","False","False","False","False"
166,"FERRE","Ferre_sup","VF_EN_CONSTR_SUP","19","14","True","False","False","False","False"
167,"FERRE","Ferre_sup","VF_ETROITE_SUP","19","13","False","True","False","False","False"
168,"FERRE","Ferre_sup","VF_ETROITE_1_SUP","19","13","True","False","False","False","False"
169,"FERRE","Ferre_sup","VF_ETROITE_2_SUP","19","13","True","False","False","False","False"
170,"FERRE","Ferre_sup","VF_NON_EXPLOITEE_SUP","19","15","True","True","False","False","False"
171,"FERRE","Ferre_sup","VF_SERVICE_SUP","19","15","True","True","False","False","False"
172,"BATI","Bati_lin","MUR","19","14","True","False","False","False","False"
173,"BATI","Bati_lin","RUINE_LIN","19","14","True","False","False","False","False"
174,"BATI","Bati_lin","MUR_SOUTENEMENT","19","14","True","False","False","False","False"
175,"BATI","Bati_lin","FORTIF_LIN","14","13","False","True","False","False","False"
176,"BATI","Bati_lin","BARRAGE_LIN","19","14","True","False","False","False","False"
177,"BATI","Bati_lin","QUAI","19","13","True","False","False","False","False"
178,"BATI","Bati_lin","DIGUE","19","13","True","True","False","False","False"
179,"BATI","Bati_lin","PECHERIE_LIN","19","14","True","False","False","False","False"
180,"BATI","Bati_lin","LIGNE_ELECTRIQUE","19","13","True","True","False","False","False"
181,"BATI","Bati_lin","CABLE","19","13","True","True","False","False","False"
182,"BATI","Bati_lin","REMONTEE_MEC","19","11","True","True","True","False","False"
183,"BATI","Bati_lin","HYDROCARBURES","19","14","True","False","False","False","False"
184,"BATI","Bati_lin","CONDUITE_MATIERES_P","19","14","True","False","False","False","False"
185,"BATI","Bati_lin","SPORT_MONTAGNE_LIN","19","14","True","False","False","False","False"
186,"BATI","Bati_lin","PISTE_BOBSLEIGH","19","14","True","False","False","False","False"
187,"BATI","Bati_lin","PISTE_LUGE","19","14","True","False","False","False","False"
188,"BATI","Bati_lin","PISTE_AERO_LIN","14","13","False","True","False","False","False"
189,"BATI","Bati_ponc","AERODROME_PONC","14","8","False","True","True","True","False"
190,"BATI","Bati_ponc","AERODROME_IMPORT_PONC","14","8","False","True","False","False","False"
191,"BATI","Bati_ponc","AEROPORT_PONC","14","8","False","True","True","True","False"
192,"BATI","Bati_ponc","AMER","19","14","True","False","False","False","False"
193,"BATI","Bati_ponc","FEU","19","14","True","False","False","False","False"
194,"BATI","Bati_ponc","FEU_PONC","19","14","True","False","False","False","False"
195,"BATI","Bati_ponc","TOURELLE_LUMINEUSE","19","14","True","False","False","False","False"
196,"BATI","Bati_ponc","ANTENNE","19","13","True","True","False","False","False"
197,"BATI","Bati_ponc","TRANSFORMATEUR","19","13","True","False","False","False","False"
198,"BATI","Bati_ponc","CONSTR_INDIF_PONC","19","13","True","False","False","False","False"
199,"BATI","Bati_ponc","CHEMINEE","19","13","True","False","False","False","False"
200,"BATI","Bati_ponc","CHEVALEMENT","19","13","True","False","False","False","False"
201,"BATI","Bati_ponc","PUITS_GAZ","19","13","True","False","False","False","False"
202,"BATI","Bati_ponc","PUITS_PETROLE","19","13","True","False","False","False","False"
203,"BATI","Bati_ponc","PYLONE_METEO","19","13","True","False","False","False","False"
204,"BATI","Bati_ponc","TORCHERE","19","13","True","False","False","False","False"
205,"BATI","Bati_ponc","TOUR_GUET","19","13","True","False","False","False","False"
206,"BATI","Bati_ponc","TOUR_HERTZIENNE","19","13","True","False","False","False","False"
207,"BATI","Bati_ponc","BALISE","19","14","True","False","False","False","False"
208,"BATI","Bati_ponc","TOURELLE","19","14","True","False","False","False","False"
209,"BATI","Bati_ponc","BARRAGE_PONC","15","13","True","True","True","False","False"
210,"BATI","Bati_ponc","CHATEAU_EAU_PONC","19","13","True","True","False","False","False"
211,"BATI","Bati_ponc","CITERNE","19","15","True","False","False","False","False"
212,"BATI","Bati_ponc","LAVOIR","19","15","True","False","False","False","False"
213,"BATI","Bati_ponc","STATION_EPURATION","19","15","True","False","False","False","False"
214,"BATI","Bati_ponc","STATION_DE_POMPAGE","19","15","True","False","False","False","False"
215,"BATI","Bati_ponc","USINE_PRODUCTION_EAU","19","15","True","False","False","False","False"
216,"BATI","Bati_ponc","USINE_ELEVATRICE","19","15","True","False","False","False","False"
217,"BATI","Bati_ponc","PUITS","19","14","True","False","False","False","False"
218,"BATI","Bati_ponc","ABREUVOIR","19","14","True","False","False","False","False"
219,"BATI","Bati_ponc","ECLUSE_PONC","16","13","True","True","True","False","False"
220,"BATI","Bati_ponc","EOLIENNE","19","14","True","False","False","False","False"
221,"BATI","Bati_ponc","HOPITAL_PONC","19","13","True","True","False","False","False"
222,"BATI","Bati_ponc","PHARE","19","14","True","True","True","False","False"
223,"BATI","Bati_ponc","PYLONE_ELEC","19","14","True","False","False","False","False"
224,"BATI","Bati_ponc","RESERVOIR_EAU_PONC","16","14","True","False","False","False","False"
225,"BATI","Bati_ponc","RESERVOIR_PONC","16","14","True","False","False","False","False"
226,"BATI","Bati_ponc","SILO_PONC","16","14","True","False","False","False","False"
227,"BATI","Bati_ponc","STATION_METRO","19","15","True","False","False","False","False"
228,"BATI","Bati_ponc","ABRI","19","14","True","False","False","False","False"
229,"BATI","Bati_ponc","REFUGE","19","13","True","True","False","False","False"
230,"BATI","Bati_ponc","REFUGE_GARDE","19","13","True","True","False","False","False"
231,"BATI","Bati_surf","BATI_QQUE","19","15","True","False","False","False","False"
232,"BATI","Bati_surf","BATI_COMMERCIAL","19","14","True","False","False","False","False"
233,"BATI","Bati_surf","BATI_INDUSTRIEL","19","14","True","False","False","False","False"
234,"BATI","Bati_surf","HANGAR","19","14","True","False","False","False","False"
235,"BATI","Bati_surf","HANGAR_COMMERCIAL","19","14","True","False","False","False","False"
236,"BATI","Bati_surf","HANGAR_INDUSTRIEL","19","14","True","False","False","False","False"
237,"BATI","Bati_surf","BATI_PUBLIC","19","14","True","False","False","False","False"
238,"BATI","Bati_surf","HANGAR_PUBLIC","19","14","True","False","False","False","False"
239,"BATI","Bati_surf","BATI_SPORTIF",NULL,NULL,"True","False","False","False","False"
240,"BATI","Bati_surf","BATI_GARE","19","14","True","False","False","False","False"
241,"BATI","Bati_surf","CHAPELLE_SURF","19","14","True","False","False","False","False"
242,"BATI","Bati_surf","EGLISE_SURF","19","14","True","False","False","False","False"
243,"BATI","Bati_surf","CHRETIEN_SURF","19","14","True","False","False","False","False"
244,"BATI","Bati_surf","SYNAGOGUE_SURF","19","14","True","False","False","False","False"
245,"BATI","Bati_surf","MOSQUEE_SURF","19","14","True","False","False","False","False"
246,"BATI","Bati_surf","AUTRE_CULTE_SURF","19","14","True","False","False","False","False"
247,"BATI","Bati_surf","RELIGIEUX_QQUE","19","14","True","False","False","False","False"
248,"BATI","Bati_surf","TENNIS_SURF",NULL,NULL,"True","False","False","False","False"
249,"BATI","Bati_surf","SPORT_INDIF_SURF",NULL,NULL,"True","False","False","False","False"
250,"BATI","Bati_surf","FOOT_SURF",NULL,NULL,"True","False","False","False","False"
251,"BATI","Bati_surf","MULTI_SPORT_SURF",NULL,NULL,"True","False","False","False","False"
252,"BATI","Bati_surf","PISTE_SPORT_SURF",NULL,NULL,"True","False","False","False","False"
253,"BATI","Bati_surf","NATATION_SURF",NULL,NULL,"True","False","False","False","False"
254,"BATI","Bati_surf","CIMETIERE_SURF","19","13","True","True","False","False","False"
255,"BATI","Bati_surf","CIMETIERE_MILI_SURF","19","13","True","True","False","False","False"
256,"BATI","Bati_surf","NECROPOLE_NATIONALE","19","13","True","False","False","False","False"
257,"BATI","Bati_surf","SERRE_SURF","19","14","True","False","False","False","False"
258,"BATI","Bati_surf","SILO_SURF","19","16","True","False","False","False","False"
259,"BATI","Bati_surf","PISTE_DUR","19","14","True","False","False","False","False"
260,"BATI","Bati_surf","PISTE_HERBE","19","14","True","False","False","False","False"
261,"BATI","Bati_surf","ARC_TRIOMPHE_SURF","19","14","True","False","False","False","False"
262,"BATI","Bati_surf","FORTIF_SURF","19","14","True","False","False","False","False"
263,"BATI","Bati_surf","CHATEAU_SURF","19","14","True","False","False","False","False"
264,"BATI","Bati_surf","TOUR_MOULIN_SURF","19","14","True","False","False","False","False"
265,"BATI","Bati_surf","ARENE_THEATRE","19","14","True","False","False","False","False"
266,"BATI","Bati_surf","MONUMENT_SURF","19","14","True","False","False","False","False"
267,"BATI","Bati_surf","POSTE_ELEC_SURF",NULL,NULL,"True","True","False","False","False"
268,"BATI","Bati_surf","RESERVOIR_INDUS_SURF","19","15","True","False","False","False","False"
269,"BATI","Bati_surf","CHATEAU_EAU_SURF","19","14","True","False","False","False","False"
270,"BATI","Bati_surf","RESERVOIR_EAU_SURF","19","14","True","False","False","False","False"
271,"BATI","Bati_surf","ECLUSE_SURF","19","14","True","False","False","False","False"
272,"BATI","Bati_surf","PECHERIE_SURF","19","14","True","False","False","False","False"
273,"BATI","Bati_surf","BARRAGE_SURF","19","14","True","False","False","False","False"
274,"BATI","Bati_surf","BATI_PEAGE","19","14","True","False","False","False","False"
275,"BATI","Bati_surf","MAIRIE","19","14","True","False","False","False","False"
276,"BATI","Bati_surf","MAIRIE_ANNEXE","19","14","True","False","False","False","False"
277,"BATI","Bati_symbole_lin","LIGNE_FOOT",NULL,NULL,"True","False","False","False","False"
278,"BATI","Bati_symbole_lin","CENTRE_FOOT",NULL,NULL,"True","False","False","False","False"
279,"BATI","Bati_zone_surf","ZONE_BATI",NULL,NULL,"False","True","True","True","True"
280,"BATI","Bati_zone_surf","ZONE_INDUS_ACTI","14","11","False","True","True","False","False"
281,"HYDROGRAPHIE","Hydro_reseau","COURS_D_EAU","19","4","True","True","True","True","True"
282,"HYDROGRAPHIE","Hydro_reseau","COURS_D_EAU_MOY","14","8","False","True","True","True","False"
283,"HYDROGRAPHIE","Hydro_reseau","COURS_D_EAU_LAR","14","8","False","True","True","True","False"
284,"HYDROGRAPHIE","Hydro_reseau","COURS_D_EAU_TEMP","19","13","True","True","False","False","False"
285,"HYDROGRAPHIE","Hydro_reseau","COURS_D_EAU_TEMP_MOY","19","13","False","True","False","False","False"
286,"HYDROGRAPHIE","Hydro_reseau","CANAL","19","13","True","True","False","False","False"
287,"HYDROGRAPHIE","Hydro_reseau","AQUEDUC_AU_SOL","19","13","True","True","False","False","False"
288,"HYDROGRAPHIE","Hydro_reseau_sou","COURS_D_EAU_SOU","19","11","True","True","True","False","False"
289,"HYDROGRAPHIE","Hydro_reseau_sou","COURS_D_EAU_MOY_SOU","19","11","False","False","True","False","False"
290,"HYDROGRAPHIE","Hydro_reseau_sou","AQUEDUC_SOU","19","13","True","True","False","False","False"
291,"HYDROGRAPHIE","Hydro_reseau_sup","COURS_D_EAU_SUP","13","11","False","False","True","False","False"
292,"HYDROGRAPHIE","Hydro_reseau_sup","COURS_D_EAU_MOY_SUP","13","11","False","False","True","False","False"
293,"HYDROGRAPHIE","Hydro_reseau_sup","CANAL_SUP","19","14","True","False","False","False","False"
294,"HYDROGRAPHIE","Hydro_reseau_sup","AQUEDUC_SUP","19","14","True","False","False","False","False"
295,"HYDROGRAPHIE","Hydro_ponc","FONTAINE","19","14","True","False","True","False","False"
296,"HYDROGRAPHIE","Hydro_ponc","POINT_D_EAU","19","14","True","False","False","False","False"
297,"HYDROGRAPHIE","Hydro_ponc","SOURCE","19","14","True","True","True","False","False"
298,"HYDROGRAPHIE","Hydro_ponc","SOURCE_CAPTEE","19","14","True","False","False","False","False"
299,"HYDROGRAPHIE","Hydro_ponc","PERTE","19","14","True","False","True","False","False"
300,"HYDROGRAPHIE","Hydro_ponc","RESURGENCE","19","14","True","False","True","False","False"
301,"HYDROGRAPHIE","Hydro_ponc","CASCADE","19","14","True","True","True","False","False"
302,"HYDROGRAPHIE","Hydro_ponc","AUTRE_HYDRO_PONC","19","14","False","False","True","False","False"
303,"HYDROGRAPHIE","Hydro_surf","SURFACE_D_EAU","19","1","True","True","True","True","True"
304,"HYDROGRAPHIE","Hydro_surf","BASSIN","19","1","True","False","False","False","False"
305,"HYDROGRAPHIE","Hydro_surf","ZONE_MARINE","19","1","True","True","True","True","True"
306,"HYDROGRAPHIE","Hydro_surf","SURFACE_D_EAU_TEMP","19","14","True","False","False","False","False"
307,"HYDROGRAPHIE","Hydro_surf","ZONE_D_ESTRAN","19","14","True","False","False","False","False"
308,"HYDROGRAPHIE","Hydro_surf","ZONE_MARAIS","19","14","True","False","False","False","False"
309,"LIMITE","Limite_lin","LIM_COMMUNE","19","14","True","True","False","False","False"
310,"LIMITE","Limite_lin","LIM_CANTON","19","14","False","True","False","False","False"
311,"LIMITE","Limite_lin","LIM_ARRONDISSEMENT","19","14","True","True","False","False","False"
312,"LIMITE","Limite_lin","LIM_DEPARTEMENT","19","9","True","True","True","True","False"
313,"LIMITE","Limite_lin","LIM_REGION","19","8","True","True","True","True","False"
314,"LIMITE","Limite_lin","LIM_ETAT","19","3","True","True","True","True","False"
315,"LIMITE","Limite_lin","LIM_ETAT_ETRANGER","19","3","False","True","True","True","True"
316,"LIMITE","Limite_lin","LIM_COTE","11","8","False","False","False","True","False"
317,"LIMITE","Limite_lin","LIM_PARC_NATUREL","19","8","True","True","True","True","False"
318,"LIMITE","Limite_lin","LIM_PARC_NATUREL_ILE","19","8","False","True","False","False","False"
319,"LIMITE","Limite_lin","LIM_PARC_NATUREL_MARIN","19","8","True","True","True","True","False"
320,"LIMITE","Limite_lin","LIM_RESERVE_NATURELLE","19","13","True","False","False","False","False"
321,"LIMITE","Limite_lin","LIM_ZONE_NATURELLE","19","13","True","True","False","False","False"
322,"LIMITE","Limite_lin","LIM_ZONE_NATURELLE_ILE","19","13","False","True","False","False","False"
323,"LIMITE","Limite_lin","LIM_ZONE_REGLEMENTEE","19","11","True","False","False","False","False"
324,"LIMITE","Limite_lin","LIM_ENCEINTE_MILI","19","11","False","True","True","False","False"
325,"LIMITE","Limite_lin","LIM_ENCEINTE_MILITAIRE","19","11","True","False","False","False","False"
326,"LIMITE","Limite_lin","LIM_CHAMP_TIR","19","11","True","False","False","False","False"
327,"LIMITE","Limite_lin","CLOTURE","19","14","True","False","False","False","False"
328,"LIMITE","Limite_lin","LAYON","19","15","True","False","False","False","False"
329,"OCCUPATION DU SOL","Ocs_nature_sol_surf","ZONE_SABLE_SEC","19","11","True","True","True","False","False"
330,"OCCUPATION DU SOL","Ocs_nature_sol_surf","ZONE_SABLE_HUMIDE","19","11","True","True","True","False","False"
331,"OCCUPATION DU SOL","Ocs_nature_sol_surf","FOND_CUVETTE_HUMIDE","19","11","True","False","False","False","False"
332,"OCCUPATION DU SOL","Ocs_nature_sol_surf","GRAVIERS_GALETS_SEC","19","14","True","False","False","False","False"
333,"OCCUPATION DU SOL","Ocs_nature_sol_surf","GRAVIERS_GALETS_HUM","19","14","True","False","False","False","False"
334,"OCCUPATION DU SOL","Ocs_nature_sol_surf","ZONE_ROCHEUSE","19","13","True","True","False","False","False"
335,"OCCUPATION DU SOL","Ocs_nature_sol_surf","ZONE_ROCHER_HYDRO","19","11","True","True","True","False","False"
336,"OCCUPATION DU SOL","Ocs_nature_sol_surf","ZONE_GLACIER",NULL,NULL,"False","True","True","False","False"
337,"OCCUPATION DU SOL","Ocs_vegetation_surf","ZONE_FORET_OUVERTE","19","14","True","False","False","False","False"
338,"OCCUPATION DU SOL","Ocs_vegetation_surf","ZONE_FORET_OUVERTE_HUMIDE","19","14","True","False","False","False","False"
339,"OCCUPATION DU SOL","Ocs_vegetation_surf","ZONE_LANDE_LIGNEUSE","19","13","True","True","False","False","False"
340,"OCCUPATION DU SOL","Ocs_vegetation_surf","ZONE_LANDE_LIGNEUSE_HUMIDE","19","13","True","False","False","False","False"
341,"OCCUPATION DU SOL","Ocs_vegetation_surf","ZONE_VIGNE","19","13","True","True","False","False","False"
342,"OCCUPATION DU SOL","Ocs_vegetation_surf","ZONE_VERGER","19","14","True","False","False","False","False"
343,"OCCUPATION DU SOL","Ocs_vegetation_surf","ZONE_VERGER_HUMIDE","19","14","True","False","False","False","False"
344,"OCCUPATION DU SOL","Ocs_vegetation_surf","ZONE_CANNE_BANANE","19","14","True","False","False","False","False"
345,"OCCUPATION DU SOL","Ocs_vegetation_surf","ZONE_MANGROVE","19","9","True","True","False","False","False"
347,"OCCUPATION DU SOL","Ocs_vegetation_surf","ZONE_FORET_FERMEE_FEUIL_HUMIDE","19","14","True","False","False","False","False"
348,"OCCUPATION DU SOL","Ocs_vegetation_surf","ZONE_FORET_OUVERTE_HUMIDE","19","14","True","False","False","False","False"
349,"OCCUPATION DU SOL","Ocs_vegetation_surf","ZONE_LANDE_LIGNEUSE_HUMIDE","19","14","True","False","False","False","False"
350,"OCCUPATION DU SOL","Ocs_vegetation_surf","ZONE_VERGER_HUMIDE","19","14","True","False","False","False","False"
351,"OCCUPATION DU SOL","Ocs_vegetation_surf","ZONE_MARAIS","19","14","True","False","False","False","False"
352,"OCCUPATION DU SOL","Ocs_vegetation_surf","ZONE_MARAIS_SALANT",NULL,"11","False","True","True","False","False"
353,"OROGRAPHIE","Oro_courbe","CNV_NORMALE","17","11","True","True","True","False","False"
354,"OROGRAPHIE","Oro_courbe","CUVETTE_NORMALE","17","11","False","False","False","False","False"
355,"OROGRAPHIE","Oro_courbe","CNV_MAITRESSE","17","11","True","True","True","False","False"
356,"OROGRAPHIE","Oro_courbe","CUVETTE_MAITRESSE","17","11","False","False","False","False","False"
357,"OROGRAPHIE","Oro_courbe","CNV_INTERCALAIRE","14","11","False","True","True","False","False"
358,"OROGRAPHIE","Oro_courbe","CUVETTE_INTERCAL","14","11","False","False","False","False","False"
359,"OROGRAPHIE","Oro_courbe","CNV_SS_INTERCALAIRE","14","11","False","False","False","False","False"
360,"OROGRAPHIE","Oro_courbe","CNV_ROCHER_NORMALE","14","13","False","True","False","False","False"
361,"OROGRAPHIE","Oro_courbe","CUV_ROCHER_NORMALE","14","13","False","False","False","False","False"
362,"OROGRAPHIE","Oro_courbe","CNV_ROCHER_MAITRESSE","14","13","False","True","False","False","False"
363,"OROGRAPHIE","Oro_courbe","CUV_ROCHER_MAITRESSE","14","13","False","False","False","False","False"
364,"OROGRAPHIE","Oro_courbe","CNV_ROCHER_INTERCAL",NULL,NULL,"False","False","False","False","False"
365,"OROGRAPHIE","Oro_courbe","CUV_ROCHER_INTERCAL",NULL,NULL,"False","False","False","False","False"
366,"OROGRAPHIE","Oro_courbe","CNV_GLACIER_NORMALE","17","13","True","True","False","False","False"
367,"OROGRAPHIE","Oro_courbe","CUV_GLACIER_NORMALE","17","13","False","False","False","False","False"
368,"OROGRAPHIE","Oro_courbe","CNV_GLACIER_MAITRESSE","17","13","True","True","False","False","False"
369,"OROGRAPHIE","Oro_courbe","CUV_GLACIER_MAITRESSE","17","13","False","False","False","False","False"
370,"OROGRAPHIE","Oro_courbe","CNV_GLACIER_INTERCAL",NULL,NULL,"False","False","False","False","False"
371,"OROGRAPHIE","Oro_courbe","CUV_GLACIER_INTERCAL",NULL,NULL,"False","False","False","False","False"
372,"OROGRAPHIE","Oro_courbe","CNV_BATHYMETRIQUE",NULL,NULL,"False","False","False","False","False"
373,"OROGRAPHIE","Oro_courbe","CUV_BATHYMETRIQUE",NULL,NULL,"False","False","False","False","False"
374,"OROGRAPHIE","Oro_lin","TALUS","19","15","True","False","False","False","False"
375,"OROGRAPHIE","Oro_ponc","POINT_COTE",NULL,NULL,"True","True","True","False","False"
376,"OROGRAPHIE","Oro_ponc","POINT_COTE_TOPO",NULL,NULL,"False","False","True","False","False"
377,"OROGRAPHIE","Oro_ponc","POINT_COTE_RESEAU",NULL,NULL,"False","False","False","False","False"
378,"OROGRAPHIE","Oro_ponc","POINT_RBF",NULL,NULL,"False","True","False","False","False"
379,"OROGRAPHIE","Oro_ponc","POINT_COTE_RESEAU_25",NULL,NULL,"True","False","False","False","False"
380,"OROGRAPHIE","Oro_ponc","POINT_COTE_RESEAU_50",NULL,NULL,"True","False","False","False","False"
381,"OROGRAPHIE","Oro_relief","HYPSO_0","8","1","False","False","False","False","True"
382,"OROGRAPHIE","Oro_relief","HYPSO_100","8","1","False","False","False","False","True"
383,"OROGRAPHIE","Oro_relief","HYPSO_200","8","1","False","False","False","False","True"
384,"OROGRAPHIE","Oro_relief","HYPSO_1000","8","1","False","False","False","False","True"
385,"OROGRAPHIE","Oro_relief","HYPSO_3000","8","1","False","False","False","False","True"
386,"OROGRAPHIE","Oro_relief","HYPSO_4000","8","1","False","False","False","False","True"
387,"OROGRAPHIE","Oro_relief","HYPSO_5000","8","1","False","False","False","False","True"
388,"OROGRAPHIE","Oro_relief","GLACIER","8","1","False","False","False","False","True"
389,"TOPONYMIE","toponyme_bati_ponc","zai_15",NULL,NULL,"True","False","False","False","False"
390,"TOPONYMIE","toponyme_bati_ponc","zai_vert",NULL,NULL,"True","False","False","False","False"
391,"TOPONYMIE","toponyme_bati_ponc","zai_beige","19","17","True","False","False","False","False"
392,"TOPONYMIE","toponyme_bati_ponc","gare",NULL,NULL,"True","False","False","False","False"
393,"TOPONYMIE","toponyme_bati_ponc","station",NULL,NULL,"True","False","False","False","False"
394,"TOPONYMIE","toponyme_bati_ponc","religieux",NULL,NULL,"True","False","False","False","False"
395,"TOPONYMIE","toponyme_bati_ponc","religieux_ge","19","18","True","False","False","False","False"
396,"TOPONYMIE","toponyme_bati_ponc","divers_bati (symbo=PARC_ATTRACTIONS)",NULL,NULL,"True","False","False","False","False"
397,"TOPONYMIE","toponyme_bati_ponc","divers_bati_ge (symbo=PARC_ATTRACTIONS)","19","18","True","False","False","False","False"
398,"TOPONYMIE","toponyme_bati_ponc","divers_bati (symbo= CENTRALE_ELECTRIQUE, HIPPODROME,  STADE)",NULL,NULL,"True","False","False","False","False"
399,"TOPONYMIE","toponyme_bati_ponc","divers_bati_ge (symbo= CENTRALE_ELECTRIQUE, HIPPODROME,  STADE)",NULL,NULL,"True","False","False","False","False"
400,"TOPONYMIE","toponyme_bati_ponc","divers_bati (symbo= CHATEAU, CHATEAU_FORT)",NULL,NULL,"True","False","False","False","False"
401,"TOPONYMIE","toponyme_bati_ponc","divers_bati_ge (symbo= CHATEAU)",NULL,NULL,"True","False","False","False","False"
402,"TOPONYMIE","toponyme_bati_ponc","divers_bati (symbo= MONUMENT)","19","15","True","False","False","False","False"
403,"TOPONYMIE","toponyme_bati_ponc","divers_bati_ge (symbo= MONUMENT)","19","18","True","False","False","False","False"
404,"TOPONYMIE","toponyme_bati_ponc","BARRAGE_PONC","15","13","True","True","True","False","False"
405,"TOPONYMIE","toponyme_bati_ponc","PHARE","19","13","False","True","False","False","False"
406,"TOPONYMIE","toponyme_bati_ponc","TYPO_C_6","19","13","True","False","False","False","False"
407,"TOPONYMIE","toponyme_bati_ponc","TYPO_C_7","19","13","True","False","False","False","False"
408,"TOPONYMIE","toponyme_bati_ponc","TYPO_C_8","19","13","True","False","False","False","False"
409,"TOPONYMIE","toponyme_bati_ponc","TYPO_E_GE","19","13","True","False","False","False","False"
410,"TOPONYMIE","toponyme_bati_ponc","BAT_ACTIVITE","14","13","False","True","False","False","False"
411,"TOPONYMIE","toponyme_bati_ponc","BAT_FORTIF","14","13","False","True","False","False","False"
412,"TOPONYMIE","toponyme_bati_ponc","BAT_VILLAGE_DETRUIT","14","13","False","True","False","False","False"
413,"TOPONYMIE","toponyme_bati_ponc","TYPO_E_1 (Symbo = STATION_METRO)","19","15","True","False","False","False","False"
414,"TOPONYMIE","toponyme_bati_ponc","AEROPORT_PONC","18","12","False","True","True","False","False"
415,"TOPONYMIE","toponyme_bati_ponc","TYPO_A_5","18","12","True","False","False","False","False"
416,"TOPONYMIE","toponyme_bati_ponc","AERODROME_PONC","18","12","False","True","True","False","False"
417,"TOPONYMIE","toponyme_bati_ponc","AERODROME_IMPORT_PONC","18","12","False","True","False","False","False"
418,"TOPONYMIE","toponyme_bati_ponc","TYPO_A_7","18","12","True","False","False","False","False"
419,"TOPONYMIE","toponyme_bati_ponc","TYPO_E_GE (symbo = AEROGARE)","18","13","True","False","False","False","False"
420,"TOPONYMIE","toponyme_hydro_lin","HYD_LIN_2","19","8","False","True","True","False","False"
421,"TOPONYMIE","toponyme_hydro_lin","TYPO_D_LIN_2","19","8","False","False","False","True","False"
422,"TOPONYMIE","toponyme_hydro_lin","HYD_SURF_2","19","8","False","True","True","False","False"
423,"TOPONYMIE","toponyme_hydro_lin","HYD_SURF_2_T","19","8","False","True","False","False","False"
424,"TOPONYMIE","toponyme_hydro_lin","TYPO_D_4","19","8","True","False","False","True","False"
425,"TOPONYMIE","toponyme_hydro_lin","HYD_LIN_3","19","8","False","True","True","False","False"
426,"TOPONYMIE","toponyme_hydro_lin","HYD_LIN_4","19","8","False","True","False","False","False"
427,"TOPONYMIE","toponyme_hydro_lin","HYD_LIN_5","19","8","False","True","False","False","False"
428,"TOPONYMIE","toponyme_hydro_lin","TYPO_D_LIN_3","19","8","False","False","False","True","False"
429,"TOPONYMIE","toponyme_hydro_lin","TYPO_D_LIN_4","19","8","False","False","False","True","False"
430,"TOPONYMIE","toponyme_hydro_lin","HYD_SURF_3","19","8","False","True","True","False","False"
431,"TOPONYMIE","toponyme_hydro_lin","HYD_SURF_3_T","19","8","False","True","False","False","False"
432,"TOPONYMIE","toponyme_hydro_lin","HYD_SURF_4","19","8","False","True","False","False","False"
433,"TOPONYMIE","toponyme_hydro_lin","HYD_SURF_4_T","19","8","False","True","False","False","False"
434,"TOPONYMIE","toponyme_hydro_lin","HYD_SURF_5","19","8","False","True","False","False","False"
435,"TOPONYMIE","toponyme_hydro_lin","HYD_SURF_5_T","19","8","False","True","False","False","False"
436,"TOPONYMIE","toponyme_hydro_lin","TYPO_D_5","19","8","False","False","False","True","False"
437,"TOPONYMIE","toponyme_hydro_lin","TYPO_D_7","19","8","True","False","False","False","False"
438,"TOPONYMIE","toponyme_hydro_lin","TYPO_D_6","19","14","True","False","False","False","False"
439,"TOPONYMIE","toponyme_hydro_lin","TYPO_D_8","19","14","True","False","False","False","False"
440,"TOPONYMIE","toponyme_hydro_lin","TYPO_D_9","19","14","True","False","False","False","False"
441,"TOPONYMIE","toponyme_hydro_lin","TYPO_D_10","19","14","True","False","False","False","False"
442,"TOPONYMIE","toponyme_hydro_lin","ORO_GLACIER_1","13","11","False","False","True","False","False"
443,"TOPONYMIE","toponyme_hydro_lin","ORO_GLACIER_2","13","11","False","False","True","False","False"
444,"TOPONYMIE","toponyme_hydro_ponc","ocean","8","2","False","False","False","False","True"
445,"TOPONYMIE","toponyme_hydro_ponc","mer","14","5","False","False","False","False","True"
446,"TOPONYMIE","toponyme_hydro_ponc","grand","14","5","False","False","False","False","True"
449,"TOPONYMIE","toponyme_hydro_ponc","moyen","19","6","False","False","False","False","True"
450,"TOPONYMIE","toponyme_hydro_ponc","HYD_SURF_2","19","6","False","True","True","False","False"
452,"TOPONYMIE","toponyme_hydro_ponc","TYPO_D_3","19","8","True","False","False","True","False"
453,"TOPONYMIE","toponyme_hydro_ponc","TYPO_D_4","19","8","True","False","False","True","False"
454,"TOPONYMIE","toponyme_hydro_ponc","HYD_SURF_3","19","8","False","True","True","False","False"
455,"TOPONYMIE","toponyme_hydro_ponc","TYPO_D_5","19","8","True","False","False","True","False"
456,"TOPONYMIE","toponyme_hydro_ponc","TYPO_D_6","19","8","True","False","False","False","False"
457,"TOPONYMIE","toponyme_hydro_ponc","TYPO_D_7","19","8","True","False","False","False","False"
458,"TOPONYMIE","toponyme_hydro_ponc","HYD_SURF_4","19","13","False","True","False","False","False"
459,"TOPONYMIE","toponyme_hydro_ponc","HYD_SURF_4_T","19","13","False","True","False","False","False"
460,"TOPONYMIE","toponyme_hydro_ponc","HYD_SURF_5","19","13","False","True","False","False","False"
461,"TOPONYMIE","toponyme_hydro_ponc","HYD_SURF_5_T","19","13","False","True","False","False","False"
462,"TOPONYMIE","toponyme_hydro_ponc","TYPO_D_8","19","13","True","False","False","False","False"
463,"TOPONYMIE","toponyme_hydro_ponc","SOURCE","19","13","False","True","False","False","False"
464,"TOPONYMIE","toponyme_hydro_ponc","TYPO_D_9","19","14","True","False","False","False","False"
465,"TOPONYMIE","toponyme_hydro_ponc","TYPO_D_10","19","14","True","False","False","False","False"
466,"TOPONYMIE","toponyme_hydro_ponc","TYPO_E_1_cyan","19","14","True","False","False","False","False"
467,"TOPONYMIE","toponyme_hydro_ponc","ORO_GLACIER_2","13","11","False","False","True","False","False"
468,"TOPONYMIE","toponyme_limite_ponc","LIM_PARC_1","14","9","False","True","False","False","False"
469,"TOPONYMIE","toponyme_limite_ponc","LIM_PARC_2","14","9","False","True","False","False","False"
470,"TOPONYMIE","toponyme_limite_ponc","PARC_1","14","9","False","False","False","True","False"
471,"TOPONYMIE","toponyme_limite_ponc","PARC_2","14","9","False","False","False","True","False"
472,"TOPONYMIE","toponyme_limite_ponc","PARC_MARIN_1","11","9","False","False","False","True","False"
473,"TOPONYMIE","toponyme_limite_ponc","PARC_MARIN_2","11","9","False","False","False","True","False"
474,"TOPONYMIE","toponyme_limite_ponc","LIM_MILI_1","14","13","False","True","False","False","False"
475,"TOPONYMIE","toponyme_limite_ponc","LIM_MILI_2","14","13","False","True","False","False","False"
476,"TOPONYMIE","toponyme_limite_ponc","LIM_PARC_3","14","11","False","True","False","False","False"
477,"TOPONYMIE","toponyme_limite_ponc","LIM_PARC_4","14","11","False","True","False","False","False"
478,"TOPONYMIE","toponyme_limite_ponc","RESERVE_NATURELLE_PONC","14","11","False","False","True","False","False"
479,"TOPONYMIE","toponyme_limite_ponc","LIM_MILI_3","14","13","False","True","False","False","False"
480,"TOPONYMIE","toponyme_limite_ponc","LIM_MILI_4","14","13","False","True","False","False","False"
481,"TOPONYMIE","toponyme_localite_ponc","continent","4","1","False","False","False","False","True"
482,"TOPONYMIE","toponyme_localite_ponc","pays 1","6","3","False","False","False","False","True"
483,"TOPONYMIE","toponyme_localite_ponc","pays 2","6","3","False","False","False","False","True"
484,"TOPONYMIE","toponyme_localite_ponc","pays 3","6","5","False","False","False","False","True"
485,"TOPONYMIE","toponyme_localite_ponc","commune 1",NULL,NULL,"False","False","False","False","True"
486,"TOPONYMIE","toponyme_localite_ponc","TYPO_A_1",NULL,NULL,"False","False","False","True","False"
487,"TOPONYMIE","toponyme_localite_ponc","BAT_COMMUNE_1",NULL,NULL,"False","True","True","False","False"
488,"TOPONYMIE","toponyme_localite_ponc","BAT_COMMUNE_1_T",NULL,NULL,"False","True","True","False","False"
489,"TOPONYMIE","toponyme_localite_ponc","commune 2",NULL,NULL,"False","False","False","False","True"
490,"TOPONYMIE","toponyme_localite_ponc","TYPO_A_2",NULL,NULL,"False","False","False","True","False"
491,"TOPONYMIE","toponyme_localite_ponc","BAT_COMMUNE_2",NULL,NULL,"False","True","True","False","False"
492,"TOPONYMIE","toponyme_localite_ponc","BAT_COMMUNE_2_T",NULL,NULL,"False","True","True","False","False"
493,"TOPONYMIE","toponyme_localite_ponc","commune 3",NULL,NULL,"False","False","False","False","True"
494,"TOPONYMIE","toponyme_localite_ponc","TYPO_A_3",NULL,NULL,"False","False","False","True","False"
495,"TOPONYMIE","toponyme_localite_ponc","BAT_COMMUNE_3",NULL,NULL,"False","True","True","False","False"
496,"TOPONYMIE","toponyme_localite_ponc","BAT_COMMUNE_3_T",NULL,NULL,"False","True","True","False","False"
497,"TOPONYMIE","toponyme_localite_ponc","TYPO_A_4",NULL,NULL,"False","False","False","True","False"
498,"TOPONYMIE","toponyme_localite_ponc","BAT_COMMUNE_4",NULL,NULL,"False","True","True","False","False"
499,"TOPONYMIE","toponyme_localite_ponc","BAT_COMMUNE_4_T",NULL,NULL,"False","True","True","False","False"
500,"TOPONYMIE","toponyme_localite_ponc","TYPO_A_5",NULL,NULL,"False","False","False","True","False"
501,"TOPONYMIE","toponyme_localite_ponc","BAT_COMMUNE_5",NULL,NULL,"False","True","True","False","False"
502,"TOPONYMIE","toponyme_localite_ponc","BAT_COMMUNE_5_T",NULL,NULL,"False","True","True","False","False"
503,"TOPONYMIE","toponyme_localite_ponc","BAT_CHEF_LIEU_COM",NULL,NULL,"False","True","True","False","False"
504,"TOPONYMIE","toponyme_localite_ponc","BAT_CHEF_LIEU_COM_T",NULL,NULL,"False","True","True","False","False"
505,"TOPONYMIE","toponyme_localite_ponc","BAT_ANCIENNE_COM",NULL,NULL,"False","True","True","False","False"
506,"TOPONYMIE","toponyme_localite_ponc","BAT_ANCIENNE_COM_T",NULL,NULL,"False","True","True","False","False"
507,"TOPONYMIE","toponyme_localite_ponc","BAT_COMMUNE_ASSOCIEE",NULL,NULL,"False","True","True","False","False"
508,"TOPONYMIE","toponyme_localite_ponc","BAT_COMMUNE_ASSOCIEE_T",NULL,NULL,"False","True","True","False","False"
509,"TOPONYMIE","toponyme_localite_ponc","Commune tr√®s petite",NULL,NULL,"False","True","False","False","False"
510,"TOPONYMIE","toponyme_localite_ponc","TYPO_A_6",NULL,NULL,"False","True","True","True","False"
511,"TOPONYMIE","toponyme_localite_ponc","TYPO_A_7",NULL,NULL,"False","True","True","True","False"
512,"TOPONYMIE","toponyme_localite_ponc","BAT_HAMEAU",NULL,NULL,"False","True","True","False","False"
513,"TOPONYMIE","toponyme_localite_ponc","BAT_HAMEAU_T",NULL,NULL,"False","True","True","False","False"
514,"TOPONYMIE","toponyme_localite_ponc","BAT_QUARTIER","14","13","False","True","False","False","False"
515,"TOPONYMIE","toponyme_localite_ponc","BAT_QUARTIER_T","14","13","False","True","False","False","False"
516,"TOPONYMIE","toponyme_localite_ponc","TYPO_A_1 [COMMUNE_CHEF_LIEU,COMMUNE_FUSIONNEE]","17","14","True","False","False","False","False"
517,"TOPONYMIE","toponyme_localite_ponc","TYPO_A_1 [LIEU-DIT-HABITE,QUARTIER]","17","14","True","False","False","False","False"
518,"TOPONYMIE","toponyme_localite_ponc","TYPO_A_2 [COMMUNE_CHEF_LIEU,COMMUNE_FUSIONNEE]","17","14","True","False","False","False","False"
519,"TOPONYMIE","toponyme_localite_ponc","TYPO_A_2 [LIEU-DIT-HABITE,QUARTIER]","17","14","True","False","False","False","False"
520,"TOPONYMIE","toponyme_localite_ponc","TYPO_A_3 [COMMUNE_CHEF_LIEU,COMMUNE_FUSIONNEE]","17","14","True","False","False","False","False"
521,"TOPONYMIE","toponyme_localite_ponc","TYPO_A_3 [LIEU-DIT-HABITE,QUARTIER]","17","14","True","False","False","False","False"
522,"TOPONYMIE","toponyme_localite_ponc","TYPO_A_4 [COMMUNE_CHEF_LIEU,COMMUNE_FUSIONNEE]","17","14","False","False","False","False","False"
523,"TOPONYMIE","toponyme_localite_ponc","TYPO_A_4 [LIEU-DIT-HABITE,QUARTIER]","17","14","False","False","False","False","False"
524,"TOPONYMIE","toponyme_localite_ponc","TYPO_A_5","19","14","False","False","False","False","False"
525,"TOPONYMIE","toponyme_localite_ponc","TYPO_A_6 [COMMUNE_CHEF_LIEU,COMMUNE_FUSIONNEE]","19","14","False","False","False","False","False"
526,"TOPONYMIE","toponyme_localite_ponc","TYPO_A_5","19","14","False","False","False","False","False"
527,"TOPONYMIE","toponyme_localite_ponc","TYPO_A_6 [LIEU-DIT-HABITE,QUARTIER]","19","14","False","False","False","False","False"
528,"TOPONYMIE","toponyme_localite_ponc","TYPO_A_7 [COMMUNE_CHEF_LIEU,COMMUNE_FUSIONNEE]","19","14","False","False","False","False","False"
529,"TOPONYMIE","toponyme_localite_ponc","TYPO_A_7 [LIEU-DIT-HABITE,QUARTIER]","19","14","False","False","False","False","False"
530,"TOPONYMIE","toponyme_localite_ponc","TYPO_A_8 [COMMUNE_CHEF_LIEU,COMMUNE_FUSIONNEE]","19","14","False","False","False","False","False"
531,"TOPONYMIE","toponyme_localite_ponc","TYPO_A_8 [LIEU-DIT-HABITE,QUARTIER]","19","14","False","False","False","False","False"
532,"TOPONYMIE","toponyme_localite_ponc","TYPO_A_9","19","14","True","False","False","False","False"
533,"TOPONYMIE","toponyme_localite_ponc","TYPO_A_10","19","14","True","False","False","False","False"
534,"TOPONYMIE","toponyme_localite_ponc","TYPO_E_GE [LIEU-DIT-HABITE]","19","17","False","False","False","False","False"
535,"TOPONYMIE","toponyme_localite_ponc","TYPO_E_GE [QUARTIER]","19","18","False","False","False","False","False"
536,"TOPONYMIE","toponyme_ocs_lin","OCS_FORET_1","14","11","False","True","True","False","False"
537,"TOPONYMIE","toponyme_ocs_lin","OCS_FORET_2","14","11","False","True","True","False","False"
538,"TOPONYMIE","toponyme_ocs_lin","OCS_FORET_3","14","11","False","True","True","False","False"
539,"TOPONYMIE","toponyme_ocs_ponc","OCS_FORET_1","14","11","False","True","True","False","False"
540,"TOPONYMIE","toponyme_ocs_ponc","OCS_FORET_2","14","11","False","True","True","False","False"
541,"TOPONYMIE","toponyme_ocs_ponc","OCS_FORET_3","14","11","False","True","True","False","False"
542,"TOPONYMIE","toponyme_ocs_ponc","TYPO_F_2","19","14","False","False","False","False","False"
543,"TOPONYMIE","toponyme_ocs_ponc","TYPO_F_3 [BOIS]","19","14","False","False","False","False","False"
544,"TOPONYMIE","toponyme_ocs_ponc","TYPO_F_4","19","14","False","False","False","False","False"
545,"TOPONYMIE","toponyme_ocs_ponc","TYPO_F_5 [BOIS]","19","14","False","False","False","False","False"
546,"TOPONYMIE","toponyme_ocs_ponc","TYPO_B_4","19","14","False","False","False","False","False"
547,"TOPONYMIE","toponyme_ocs_ponc","TYPO_B_5 [LIEU-DIT_NON_HABITE]","19","14","False","False","False","False","False"
548,"TOPONYMIE","toponyme_ocs_ponc","TYPO_F_6","19","14","False","False","False","False","False"
549,"TOPONYMIE","toponyme_ocs_ponc","TYPO_F_7","19","14","False","False","False","False","False"
550,"TOPONYMIE","toponyme_ocs_ponc","TYPO_F_8 [BOIS]","19","14","False","False","False","False","False"
551,"TOPONYMIE","toponyme_ocs_ponc","TYPO_B_7","19","14","False","False","False","False","False"
552,"TOPONYMIE","toponyme_ocs_ponc","TYPO_B_8","19","14","False","False","False","False","False"
553,"TOPONYMIE","toponyme_ocs_ponc","TYPO_B_9                            [LIEU-DIT_NON_HABITE]","19","14","False","False","False","False","False"
554,"TOPONYMIE","toponyme_ocs_ponc","TYPO_F_9","19","14","False","False","False","False","False"
555,"TOPONYMIE","toponyme_ocs_ponc","TYPO_F_10  [BOIS]","19","14","False","False","False","False","False"
556,"TOPONYMIE","toponyme_ocs_ponc","TYPO_B_10","19","14","False","False","False","False","False"
557,"TOPONYMIE","toponyme_ocs_ponc","TYPO_B_11 [LIEU-DIT_NON_HABITE]","19","14","False","False","False","False","False"
558,"TOPONYMIE","toponyme_oro_lin","ORO_ILE_1","14","11","False","False","True","False","False"
559,"TOPONYMIE","toponyme_oro_lin","ORO_RELIEF_1","14","11","False","True","False","False","False"
560,"TOPONYMIE","toponyme_oro_lin","ORO_RELIEF_1_T","14","11","False","True","False","False","False"
561,"TOPONYMIE","toponyme_oro_lin","ORO_ILE_2","14","11","False","False","True","False","False"
562,"TOPONYMIE","toponyme_oro_lin","ORO_RELIEF_2","14","11","False","True","False","False","False"
563,"TOPONYMIE","toponyme_oro_lin","ORO_RELIEF_2_T","14","11","False","True","False","False","False"
564,"TOPONYMIE","toponyme_oro_lin","ORO_CAP_1","14","11","False","False","True","False","False"
565,"TOPONYMIE","toponyme_oro_lin","ORO_SOMMET_1","14","11","False","False","True","False","False"
566,"TOPONYMIE","toponyme_oro_lin","ORO_ILE_3","14","11","False","False","True","False","False"
567,"TOPONYMIE","toponyme_oro_lin","ORO_RELIEF_3","14","11","False","True","False","False","False"
568,"TOPONYMIE","toponyme_oro_lin","ORO_RELIEF_3_T","14","11","False","True","False","False","False"
569,"TOPONYMIE","toponyme_oro_lin","ORO_RELIEF_4","14","11","False","True","False","False","False"
570,"TOPONYMIE","toponyme_oro_lin","ORO_RELIEF_4_T","14","11","False","True","False","False","False"
571,"TOPONYMIE","toponyme_oro_lin","ORO_CAP_2","14","11","False","False","True","False","False"
572,"TOPONYMIE","toponyme_oro_lin","ORO_CAP_3","14","11","False","False","True","False","False"
573,"TOPONYMIE","toponyme_oro_lin","ORO_SOMMET_2","14","11","False","False","True","False","False"
574,"TOPONYMIE","toponyme_oro_lin","ORO_COL_2","14","11","False","False","True","False","False"
575,"TOPONYMIE","toponyme_oro_lin","ORO_GORGE_1","14","11","False","False","True","False","False"
576,"TOPONYMIE","toponyme_oro_lin","ORO_SOMMET_3","13","11","False","False","True","False","False"
577,"TOPONYMIE","toponyme_oro_lin","ORO_GORGE_2","13","11","False","False","True","False","False"
578,"TOPONYMIE","toponyme_oro_ponc","Basin","13","6","False","False","False","False","True"
579,"TOPONYMIE","toponyme_oro_ponc","Depression","13","6","False","False","False","False","True"
580,"TOPONYMIE","toponyme_oro_ponc","Desert","13","6","False","False","False","False","True"
581,"TOPONYMIE","toponyme_oro_ponc","Geoarea","13","6","False","False","False","False","True"
582,"TOPONYMIE","toponyme_oro_ponc","Gorge","13","6","False","False","True","False","True"
583,"TOPONYMIE","toponyme_oro_ponc","Isthmus","13","6","False","False","False","False","True"
584,"TOPONYMIE","toponyme_oro_ponc","Lake","13","6","False","False","False","False","True"
585,"TOPONYMIE","toponyme_oro_ponc","Lowland","13","6","False","False","False","False","True"
586,"TOPONYMIE","toponyme_oro_ponc","Pen/cape","13","6","False","False","False","False","True"
587,"TOPONYMIE","toponyme_oro_ponc","Plain","13","6","False","False","False","False","True"
588,"TOPONYMIE","toponyme_oro_ponc","Plateau","13","6","False","False","False","False","True"
589,"TOPONYMIE","toponyme_oro_ponc","Range/mtn","13","6","False","False","False","False","True"
590,"TOPONYMIE","toponyme_oro_ponc","Tundra","13","6","False","False","False","False","True"
591,"TOPONYMIE","toponyme_oro_ponc","Valley","13","6","False","False","False","False","True"
592,"TOPONYMIE","toponyme_oro_ponc","Island","13","6","False","False","False","False","True"
593,"TOPONYMIE","toponyme_oro_ponc","Island group","13","6","False","False","False","False","True"
594,"TOPONYMIE","toponyme_oro_ponc","ORO_ILE_1","19","9","False","False","True","False","False"
595,"TOPONYMIE","toponyme_oro_ponc","ORO_RELIEF_1","19","9","False","True","False","False","False"
596,"TOPONYMIE","toponyme_oro_ponc","ORO_RELIEF_1_T","19","9","False","True","False","False","False"
597,"TOPONYMIE","toponyme_oro_ponc","TYPO_G_1","19","9","True","False","False","True","False"
598,"TOPONYMIE","toponyme_oro_ponc","TYPO_G_2","19","9","True","False","False","True","False"
599,"TOPONYMIE","toponyme_oro_ponc","TYPO_G_3","19","9","True","False","False","True","False"
600,"TOPONYMIE","toponyme_oro_ponc","TYPO_G_4","19","9","True","False","False","True","False"
601,"TOPONYMIE","toponyme_oro_ponc","ORO_ILE_2","19","10","False","False","True","False","False"
602,"TOPONYMIE","toponyme_oro_ponc","ORO_RELIEF_2","19","10","False","True","False","False","False"
603,"TOPONYMIE","toponyme_oro_ponc","ORO_RELIEF_2_T","19","10","False","True","False","False","False"
604,"TOPONYMIE","toponyme_oro_ponc","ORO_CAP_1","19","10","False","False","True","False","False"
605,"TOPONYMIE","toponyme_oro_ponc","ORO_COL_1","19","10","False","False","True","False","False"
606,"TOPONYMIE","toponyme_oro_ponc","TYPO_G_5","19","10","True","False","False","True","False"
607,"TOPONYMIE","toponyme_oro_ponc","ORO_SOMMET_1","19","10","False","False","True","False","False"
608,"TOPONYMIE","toponyme_oro_ponc","ORO_ILE_3","19","11","False","False","True","False","False"
609,"TOPONYMIE","toponyme_oro_ponc","ORO_RELIEF_3","19","11","False","True","False","False","False"
610,"TOPONYMIE","toponyme_oro_ponc","ORO_RELIEF_3_T","19","11","False","True","False","False","False"
611,"TOPONYMIE","toponyme_oro_ponc","ORO_RELIEF_4","19","11","False","True","False","False","False"
612,"TOPONYMIE","toponyme_oro_ponc","ORO_RELIEF_4_T","19","11","False","True","False","False","False"
613,"TOPONYMIE","toponyme_oro_ponc","ORO_CAP_2","19","11","False","False","True","False","False"
614,"TOPONYMIE","toponyme_oro_ponc","ORO_CAP_3","19","11","False","False","True","False","False"
615,"TOPONYMIE","toponyme_oro_ponc","ORO_SOMMET_2","19","11","False","False","True","False","False"
616,"TOPONYMIE","toponyme_oro_ponc","ORO_COL_2","19","11","False","False","True","False","False"
617,"TOPONYMIE","toponyme_oro_ponc","ORO_GORGE_1","19","11","False","False","True","False","False"
618,"TOPONYMIE","toponyme_oro_ponc","TYPO_G_6","19","11","True","False","False","False","False"
619,"TOPONYMIE","toponyme_oro_ponc","TYPO_G_7","19","11","True","False","False","False","False"
620,"TOPONYMIE","toponyme_oro_ponc","ORO_SOMMET_3","19","11","False","False","True","False","False"
621,"TOPONYMIE","toponyme_oro_ponc","ORO_GORGE_2","19","11","False","False","True","False","False"
622,"TOPONYMIE","toponyme_oro_ponc","GROTTE","19","11","False","False","True","False","False"
623,"TOPONYMIE","toponyme_oro_ponc","GORGE","19","11","False","False","False","False","False"
624,"TOPONYMIE","toponyme_oro_ponc","TYPO_G_8","19","11","True","False","False","False","False"
625,"TOPONYMIE","toponyme_oro_ponc","TYPO_G_9","19","11","True","False","False","False","False"
626,"TOPONYMIE","toponyme_oro_ponc","ORO_COURBE",NULL,NULL,"False","True","False","False","False"
627,"TOPONYMIE","toponyme_oro_ponc","ORO_COURBE_GLACIER",NULL,NULL,"False","True","False","False","False"
628,"TOPONYMIE","toponyme_oro_ponc","ORO_COURBE_ROCHER",NULL,NULL,"False","True","False","False","False"
629,"TOPONYMIE","toponyme_routier_numero_lin","Autoroute","17","8","True","True","True","True","False"
630,"TOPONYMIE","toponyme_routier_numero_lin","Nationale","17","8","True","True","True","True","False"
631,"TOPONYMIE","toponyme_routier_numero_lin","D√©partementale","17","12","True","True","True","False","False"
632,"TOPONYMIE","toponyme_routier_liaison_lin","LIAISON_MARITIME","14","9","False","True","True","False","False"
633,"TOPONYMIE","toponyme_routier_liaison_lin","LIAISON_MAR","14","9","False","False","False","True","False"
634,"TOPONYMIE","toponyme_routier_borne","PRINCIPALE_1","19","18","False","False","False","False","False"
635,"TOPONYMIE","toponyme_routier_borne","PRINCIPALE_1_SUP","19","18","False","False","False","False","False"
636,"TOPONYMIE","toponyme_routier_borne","PRINCIPALE_1_SOU","19","18","False","False","False","False","False"
637,"TOPONYMIE","toponyme_routier_borne","PRINCIPALE_2","19","18","False","False","False","False","False"
638,"TOPONYMIE","toponyme_routier_borne","PRINCIPALE_2_SUP","19","18","False","False","False","False","False"
639,"TOPONYMIE","toponyme_routier_borne","PRINCIPALE_2_SOU","19","18","False","False","False","False","False"
640,"TOPONYMIE","toponyme_routier_borne","PRINCIPALE_3","19","18","False","False","False","False","False"
641,"TOPONYMIE","toponyme_routier_borne","PRINCIPALE_3_SUP","19","18","False","False","False","False","False"
642,"TOPONYMIE","toponyme_routier_borne","PRINCIPALE_3_SOU","19","18","False","False","False","False","False"
643,"TOPONYMIE","toponyme_routier_borne","PRINCIPALE_4","19","18","False","False","False","False","False"
644,"TOPONYMIE","toponyme_routier_borne","PRINCIPALE_4_SUP","19","18","False","False","False","False","False"
645,"TOPONYMIE","toponyme_routier_borne","PRINCIPALE_4_SOU","19","18","False","False","False","False","False"
646,"TOPONYMIE","toponyme_routier_borne","PRINCIPALE_CONSTR","19","18","False","False","False","False","False"
647,"TOPONYMIE","toponyme_routier_borne","REGIONALE_1","19","18","False","False","False","False","False"
648,"TOPONYMIE","toponyme_routier_borne","REGIONALE_1_SUP","19","18","False","False","False","False","False"
649,"TOPONYMIE","toponyme_routier_borne","REGIONALE_1_SOU","19","18","False","False","False","False","False"
650,"TOPONYMIE","toponyme_routier_borne","REGIONALE_2","19","18","False","False","False","False","False"
651,"TOPONYMIE","toponyme_routier_borne","REGIONALE_2_SUP","19","18","False","False","False","False","False"
652,"TOPONYMIE","toponyme_routier_borne","REGIONALE_2_SOU","19","18","False","False","False","False","False"
653,"TOPONYMIE","toponyme_routier_borne","REGIONALE_3","19","18","False","False","False","False","False"
654,"TOPONYMIE","toponyme_routier_borne","REGIONALE_3_SUP","19","18","False","False","False","False","False"
655,"TOPONYMIE","toponyme_routier_borne","REGIONALE_3_SOU","19","18","False","False","False","False","False"
656,"TOPONYMIE","toponyme_routier_borne","REGIONALE_4","19","18","False","False","False","False","False"
657,"TOPONYMIE","toponyme_routier_borne","REGIONALE_4_SUP","19","18","False","False","False","False","False"
658,"TOPONYMIE","toponyme_routier_borne","REGIONALE_CONSTR","19","18","False","False","False","False","False"
659,"TOPONYMIE","toponyme_routier_borne","LOCALE_1","19","18","False","False","False","False","False"
662,"TOPONYMIE","toponyme_routier_borne","LOCALE_2","19","18","False","False","False","False","False"
665,"TOPONYMIE","toponyme_routier_borne","LOCALE_3","19","18","False","False","False","False","False"
668,"TOPONYMIE","toponyme_routier_borne","LOCALE_4","19","18","False","False","False","False","False"
671,"TOPONYMIE","toponyme_routier_borne","LOCALE_CONSTR","19","18","False","False","False","False","False"
672,"TOPONYMIE","toponyme_routier_borne","LOCALE_CONSTR_SUP","19","18","False","False","False","False","False"
673,"TOPONYMIE","toponyme_routier_borne","NON_CLASSEE","19","18","False","False","False","False","False"
674,"TOPONYMIE","toponyme_routier_borne","NON_CLASSEE_4","19","18","False","False","False","False","False"
675,"TOPONYMIE","toponyme_routier_borne","NON_CLASSEE_4_SUP","19","18","False","False","False","False","False"
676,"TOPONYMIE","toponyme_routier_borne","NON_CLASSEE_RESTREINT","19","18","False","False","False","False","False"
677,"TOPONYMIE","toponyme_routier_borne","NON_CLASSEE_RESTREINT_SUP","19","18","False","False","False","False","False"
678,"TOPONYMIE","toponyme_routier_borne","NON_CLASSEE_SOU","19","18","False","False","False","False","False"
679,"TOPONYMIE","toponyme_routier_borne","NON_CLASSEE_SUP","19","18","False","False","False","False","False"
680,"TOPONYMIE","toponyme_routier_borne","NON_REVETUE_CARRO","19","18","False","False","False","False","False"
681,"TOPONYMIE","toponyme_routier_borne","NON_REVETUE_CARRO_SUP","19","18","False","False","False","False","False"
682,"TOPONYMIE","toponyme_routier_borne","CHEMIN","19","18","False","False","False","False","False"
683,"TOPONYMIE","toponyme_routier_borne","CHEMIN_SOU","19","18","False","False","False","False","False"
684,"TOPONYMIE","toponyme_routier_borne","CHEMIN_SUP","19","18","False","False","False","False","False"
685,"TOPONYMIE","toponyme_routier_borne","PISTE_CYCLABLE","19","18","False","False","False","False","False"
686,"TOPONYMIE","toponyme_routier_borne","PISTE_CYCLABLE_SOU","19","18","False","False","False","False","False"
687,"TOPONYMIE","toponyme_routier_borne","PISTE_CYCLABLE_SUP","19","18","False","False","False","False","False"
688,"TOPONYMIE","toponyme_routier_borne","RUE_PIETONNE","19","18","False","False","False","False","False"
689,"TOPONYMIE","toponyme_routier_borne","RUE_PIETONNE_SOU","19","18","False","False","False","False","False"
690,"TOPONYMIE","toponyme_routier_borne","RUE_PIETONNE_SUP","19","18","False","False","False","False","False"
691,"TOPONYMIE","toponyme_routier_borne","SENTIER","19","18","False","False","False","False","False"
692,"TOPONYMIE","toponyme_routier_borne","SENTIER_SOU","19","18","False","False","False","False","False"
693,"TOPONYMIE","toponyme_routier_borne","SENTIER_SUP","19","18","False","False","False","False","False"
694,"TOPONYMIE","toponyme_routier_borne","ESCALIER","19","18","False","False","False","False","False"
695,"TOPONYMIE","toponyme_routier_borne","ESCALIER_SUP","19","18","False","False","False","False","False"
696,"PARCELLAIRE","parcellaire_parcelle","PARCELLE",NULL,NULL,"False","False","False","False","False"
697,"PARCELLAIRE","parcellaire_section","SECTION","19","19","False","False","False","False","False"
698,"PARCELLAIRE","toponyme_parcellaire_section","SECTION","19","19","False","False","False","False","False"
699,"PARCELLAIRE","toponyme_parcellaire_parcelle","PARCELLE",NULL,NULL,"False","False","False","False","False"
700,"PARCELLAIRE","toponyme_parcellaire_adresse_ponc","ADRESSE","19","19","True","False","False","False","False"
